N,File,r,Scenario,rhoR1R1True,runNo
50,GZ_cellProbabilities3x3_Group1.csv,3,1,-0.066332559,1
50,GZ_cellProbabilities3x3_Group2.csv,3,2,0.066329397,2
50,GZ_cellProbabilities3x3_Group3.csv,3,3,-0.392108273,3
50,GZ_cellProbabilities3x3_Group5.csv,3,5,-0.045469407,4
50,GZ_cellProbabilities3x3_Group6.csv,3,6,0.078453829,5
50,GZ_cellProbabilities3x3_Group7.csv,3,7,-0.456369814,6
50,GZ_cellProbabilities3x3_Group8.csv,3,8,0.470688225,7
50,GZ_cellProbabilities3x3_Group11.csv,3,11,-0.043438995,8
50,GZ_cellProbabilities3x3_Group12.csv,3,12,0.17088289,9
50,GZ_cellProbabilities3x3_Group13.csv,3,13,0.478294429,10
50,GZ_cellProbabilities4x4_Group1.csv,4,1,-3.43E-08,11
50,GZ_cellProbabilities4x4_Group2.csv,4,2,0.024907924,12
50,GZ_cellProbabilities4x4_Group3.csv,4,3,-0.343158906,13
50,GZ_cellProbabilities4x4_Group5.csv,4,5,-0.07681187,14
50,GZ_cellProbabilities4x4_Group6.csv,4,6,0.015957541,15
50,GZ_cellProbabilities4x4_Group7.csv,4,7,-0.485873615,16
50,GZ_cellProbabilities4x4_Group8.csv,4,8,0.489749996,17
50,GZ_cellProbabilities4x4_Group11.csv,4,11,-0.139742277,18
50,GZ_cellProbabilities4x4_Group12.csv,4,12,0.116230895,19
50,GZ_cellProbabilities4x4_Group13.csv,4,13,0.494615635,20
50,GZ_cellProbabilities5x5_Group1.csv,5,1,-5.79E-08,21
50,GZ_cellProbabilities5x5_Group2.csv,5,2,0.064035789,22
50,GZ_cellProbabilities5x5_Group3.csv,5,3,-0.398834736,23
50,GZ_cellProbabilities5x5_Group5.csv,5,5,-0.118535244,24
50,GZ_cellProbabilities5x5_Group6.csv,5,6,0.08848002,25
50,GZ_cellProbabilities5x5_Group7.csv,5,7,-0.405383164,26
50,GZ_cellProbabilities5x5_Group8.csv,5,8,0.425880687,27
50,GZ_cellProbabilities5x5_Group11.csv,5,11,-6.87E-07,28
50,GZ_cellProbabilities5x5_Group12.csv,5,12,0.164747842,29
50,GZ_cellProbabilities5x5_Group13.csv,5,13,0.49763817,30
50,cellProbabilities3x3_Group1.csv,3,1,-0.066332559,31
50,cellProbabilities3x3_Group2.csv,3,2,0.066329397,32
50,cellProbabilities3x3_Group3.csv,3,3,-0.392108273,33
50,cellProbabilities3x3_Group5.csv,3,5,-0.045469407,34
50,cellProbabilities3x3_Group6.csv,3,6,0.078453829,35
50,cellProbabilities3x3_Group7.csv,3,7,-0.456369814,36
50,cellProbabilities3x3_Group8.csv,3,8,0.470688225,37
50,cellProbabilities3x3_Group11.csv,3,11,-0.043438995,38
50,cellProbabilities3x3_Group12.csv,3,12,0.17088289,39
50,cellProbabilities3x3_Group13.csv,3,13,0.478294429,40
50,cellProbabilities4x4_Group1.csv,4,1,-3.43E-08,41
50,cellProbabilities4x4_Group2.csv,4,2,0.024907924,42
50,cellProbabilities4x4_Group3.csv,4,3,-0.343158906,43
50,cellProbabilities4x4_Group5.csv,4,5,-0.07681187,44
50,cellProbabilities4x4_Group6.csv,4,6,0.015957541,45
50,cellProbabilities4x4_Group7.csv,4,7,-0.485873615,46
50,cellProbabilities4x4_Group8.csv,4,8,0.489749996,47
50,cellProbabilities4x4_Group11.csv,4,11,-0.139742277,48
50,cellProbabilities4x4_Group12.csv,4,12,0.116230895,49
50,cellProbabilities4x4_Group13.csv,4,13,0.494615635,50
50,cellProbabilities5x5_Group1.csv,5,1,-5.79E-08,51
50,cellProbabilities5x5_Group2.csv,5,2,0.064035789,52
50,cellProbabilities5x5_Group3.csv,5,3,-0.398834736,53
50,cellProbabilities5x5_Group5.csv,5,5,-0.118535244,54
50,cellProbabilities5x5_Group6.csv,5,6,0.08848002,55
50,cellProbabilities5x5_Group7.csv,5,7,-0.405383164,56
50,cellProbabilities5x5_Group8.csv,5,8,0.425880687,57
50,cellProbabilities5x5_Group11.csv,5,11,-6.87E-07,58
50,cellProbabilities5x5_Group12.csv,5,12,0.164747842,59
50,cellProbabilities5x5_Group13.csv,5,13,0.49763817,60
100,GZ_cellProbabilities3x3_Group1.csv,3,1,-0.066332559,61
100,GZ_cellProbabilities3x3_Group2.csv,3,2,0.066329397,62
100,GZ_cellProbabilities3x3_Group3.csv,3,3,-0.392108273,63
100,GZ_cellProbabilities3x3_Group5.csv,3,5,-0.045469407,64
100,GZ_cellProbabilities3x3_Group6.csv,3,6,0.078453829,65
100,GZ_cellProbabilities3x3_Group7.csv,3,7,-0.456369814,66
100,GZ_cellProbabilities3x3_Group8.csv,3,8,0.470688225,67
100,GZ_cellProbabilities3x3_Group11.csv,3,11,-0.043438995,68
100,GZ_cellProbabilities3x3_Group12.csv,3,12,0.17088289,69
100,GZ_cellProbabilities3x3_Group13.csv,3,13,0.478294429,70
100,GZ_cellProbabilities4x4_Group1.csv,4,1,-3.43E-08,71
100,GZ_cellProbabilities4x4_Group2.csv,4,2,0.024907924,72
100,GZ_cellProbabilities4x4_Group3.csv,4,3,-0.343158906,73
100,GZ_cellProbabilities4x4_Group5.csv,4,5,-0.07681187,74
100,GZ_cellProbabilities4x4_Group6.csv,4,6,0.015957541,75
100,GZ_cellProbabilities4x4_Group7.csv,4,7,-0.485873615,76
100,GZ_cellProbabilities4x4_Group8.csv,4,8,0.489749996,77
100,GZ_cellProbabilities4x4_Group11.csv,4,11,-0.139742277,78
100,GZ_cellProbabilities4x4_Group12.csv,4,12,0.116230895,79
100,GZ_cellProbabilities4x4_Group13.csv,4,13,0.494615635,80
100,GZ_cellProbabilities5x5_Group1.csv,5,1,-5.79E-08,81
100,GZ_cellProbabilities5x5_Group2.csv,5,2,0.064035789,82
100,GZ_cellProbabilities5x5_Group3.csv,5,3,-0.398834736,83
100,GZ_cellProbabilities5x5_Group5.csv,5,5,-0.118535244,84
100,GZ_cellProbabilities5x5_Group6.csv,5,6,0.08848002,85
100,GZ_cellProbabilities5x5_Group7.csv,5,7,-0.405383164,86
100,GZ_cellProbabilities5x5_Group8.csv,5,8,0.425880687,87
100,GZ_cellProbabilities5x5_Group11.csv,5,11,-6.87E-07,88
100,GZ_cellProbabilities5x5_Group12.csv,5,12,0.164747842,89
100,GZ_cellProbabilities5x5_Group13.csv,5,13,0.49763817,90
100,cellProbabilities3x3_Group1.csv,3,1,-0.066332559,91
100,cellProbabilities3x3_Group2.csv,3,2,0.066329397,92
100,cellProbabilities3x3_Group3.csv,3,3,-0.392108273,93
100,cellProbabilities3x3_Group5.csv,3,5,-0.045469407,94
100,cellProbabilities3x3_Group6.csv,3,6,0.078453829,95
100,cellProbabilities3x3_Group7.csv,3,7,-0.456369814,96
100,cellProbabilities3x3_Group8.csv,3,8,0.470688225,97
100,cellProbabilities3x3_Group11.csv,3,11,-0.043438995,98
100,cellProbabilities3x3_Group12.csv,3,12,0.17088289,99
100,cellProbabilities3x3_Group13.csv,3,13,0.478294429,100
100,cellProbabilities4x4_Group1.csv,4,1,-3.43E-08,101
100,cellProbabilities4x4_Group2.csv,4,2,0.024907924,102
100,cellProbabilities4x4_Group3.csv,4,3,-0.343158906,103
100,cellProbabilities4x4_Group5.csv,4,5,-0.07681187,104
100,cellProbabilities4x4_Group6.csv,4,6,0.015957541,105
100,cellProbabilities4x4_Group7.csv,4,7,-0.485873615,106
100,cellProbabilities4x4_Group8.csv,4,8,0.489749996,107
100,cellProbabilities4x4_Group11.csv,4,11,-0.139742277,108
100,cellProbabilities4x4_Group12.csv,4,12,0.116230895,109
100,cellProbabilities4x4_Group13.csv,4,13,0.494615635,110
100,cellProbabilities5x5_Group1.csv,5,1,-5.79E-08,111
100,cellProbabilities5x5_Group2.csv,5,2,0.064035789,112
100,cellProbabilities5x5_Group3.csv,5,3,-0.398834736,113
100,cellProbabilities5x5_Group5.csv,5,5,-0.118535244,114
100,cellProbabilities5x5_Group6.csv,5,6,0.08848002,115
100,cellProbabilities5x5_Group7.csv,5,7,-0.405383164,116
100,cellProbabilities5x5_Group8.csv,5,8,0.425880687,117
100,cellProbabilities5x5_Group11.csv,5,11,-6.87E-07,118
100,cellProbabilities5x5_Group12.csv,5,12,0.164747842,119
100,cellProbabilities5x5_Group13.csv,5,13,0.49763817,120
250,GZ_cellProbabilities3x3_Group1.csv,3,1,-0.066332559,121
250,GZ_cellProbabilities3x3_Group2.csv,3,2,0.066329397,122
250,GZ_cellProbabilities3x3_Group3.csv,3,3,-0.392108273,123
250,GZ_cellProbabilities3x3_Group5.csv,3,5,-0.045469407,124
250,GZ_cellProbabilities3x3_Group6.csv,3,6,0.078453829,125
250,GZ_cellProbabilities3x3_Group7.csv,3,7,-0.456369814,126
250,GZ_cellProbabilities3x3_Group8.csv,3,8,0.470688225,127
250,GZ_cellProbabilities3x3_Group11.csv,3,11,-0.043438995,128
250,GZ_cellProbabilities3x3_Group12.csv,3,12,0.17088289,129
250,GZ_cellProbabilities3x3_Group13.csv,3,13,0.478294429,130
250,GZ_cellProbabilities4x4_Group1.csv,4,1,-3.43E-08,131
250,GZ_cellProbabilities4x4_Group2.csv,4,2,0.024907924,132
250,GZ_cellProbabilities4x4_Group3.csv,4,3,-0.343158906,133
250,GZ_cellProbabilities4x4_Group5.csv,4,5,-0.07681187,134
250,GZ_cellProbabilities4x4_Group6.csv,4,6,0.015957541,135
250,GZ_cellProbabilities4x4_Group7.csv,4,7,-0.485873615,136
250,GZ_cellProbabilities4x4_Group8.csv,4,8,0.489749996,137
250,GZ_cellProbabilities4x4_Group11.csv,4,11,-0.139742277,138
250,GZ_cellProbabilities4x4_Group12.csv,4,12,0.116230895,139
250,GZ_cellProbabilities4x4_Group13.csv,4,13,0.494615635,140
250,GZ_cellProbabilities5x5_Group1.csv,5,1,-5.79E-08,141
250,GZ_cellProbabilities5x5_Group2.csv,5,2,0.064035789,142
250,GZ_cellProbabilities5x5_Group3.csv,5,3,-0.398834736,143
250,GZ_cellProbabilities5x5_Group5.csv,5,5,-0.118535244,144
250,GZ_cellProbabilities5x5_Group6.csv,5,6,0.08848002,145
250,GZ_cellProbabilities5x5_Group7.csv,5,7,-0.405383164,146
250,GZ_cellProbabilities5x5_Group8.csv,5,8,0.425880687,147
250,GZ_cellProbabilities5x5_Group11.csv,5,11,-6.87E-07,148
250,GZ_cellProbabilities5x5_Group12.csv,5,12,0.164747842,149
250,GZ_cellProbabilities5x5_Group13.csv,5,13,0.49763817,150
250,cellProbabilities3x3_Group1.csv,3,1,-0.066332559,151
250,cellProbabilities3x3_Group2.csv,3,2,0.066329397,152
250,cellProbabilities3x3_Group3.csv,3,3,-0.392108273,153
250,cellProbabilities3x3_Group5.csv,3,5,-0.045469407,154
250,cellProbabilities3x3_Group6.csv,3,6,0.078453829,155
250,cellProbabilities3x3_Group7.csv,3,7,-0.456369814,156
250,cellProbabilities3x3_Group8.csv,3,8,0.470688225,157
250,cellProbabilities3x3_Group11.csv,3,11,-0.043438995,158
250,cellProbabilities3x3_Group12.csv,3,12,0.17088289,159
250,cellProbabilities3x3_Group13.csv,3,13,0.478294429,160
250,cellProbabilities4x4_Group1.csv,4,1,-3.43E-08,161
250,cellProbabilities4x4_Group2.csv,4,2,0.024907924,162
250,cellProbabilities4x4_Group3.csv,4,3,-0.343158906,163
250,cellProbabilities4x4_Group5.csv,4,5,-0.07681187,164
250,cellProbabilities4x4_Group6.csv,4,6,0.015957541,165
250,cellProbabilities4x4_Group7.csv,4,7,-0.485873615,166
250,cellProbabilities4x4_Group8.csv,4,8,0.489749996,167
250,cellProbabilities4x4_Group11.csv,4,11,-0.139742277,168
250,cellProbabilities4x4_Group12.csv,4,12,0.116230895,169
250,cellProbabilities4x4_Group13.csv,4,13,0.494615635,170
250,cellProbabilities5x5_Group1.csv,5,1,-5.79E-08,171
250,cellProbabilities5x5_Group2.csv,5,2,0.064035789,172
250,cellProbabilities5x5_Group3.csv,5,3,-0.398834736,173
250,cellProbabilities5x5_Group5.csv,5,5,-0.118535244,174
250,cellProbabilities5x5_Group6.csv,5,6,0.08848002,175
250,cellProbabilities5x5_Group7.csv,5,7,-0.405383164,176
250,cellProbabilities5x5_Group8.csv,5,8,0.425880687,177
250,cellProbabilities5x5_Group11.csv,5,11,-6.87E-07,178
250,cellProbabilities5x5_Group12.csv,5,12,0.164747842,179
250,cellProbabilities5x5_Group13.csv,5,13,0.49763817,180
500,GZ_cellProbabilities3x3_Group1.csv,3,1,-0.066332559,181
500,GZ_cellProbabilities3x3_Group2.csv,3,2,0.066329397,182
500,GZ_cellProbabilities3x3_Group3.csv,3,3,-0.392108273,183
500,GZ_cellProbabilities3x3_Group5.csv,3,5,-0.045469407,184
500,GZ_cellProbabilities3x3_Group6.csv,3,6,0.078453829,185
500,GZ_cellProbabilities3x3_Group7.csv,3,7,-0.456369814,186
500,GZ_cellProbabilities3x3_Group8.csv,3,8,0.470688225,187
500,GZ_cellProbabilities3x3_Group11.csv,3,11,-0.043438995,188
500,GZ_cellProbabilities3x3_Group12.csv,3,12,0.17088289,189
500,GZ_cellProbabilities3x3_Group13.csv,3,13,0.478294429,190
500,GZ_cellProbabilities4x4_Group1.csv,4,1,-3.43E-08,191
500,GZ_cellProbabilities4x4_Group2.csv,4,2,0.024907924,192
500,GZ_cellProbabilities4x4_Group3.csv,4,3,-0.343158906,193
500,GZ_cellProbabilities4x4_Group5.csv,4,5,-0.07681187,194
500,GZ_cellProbabilities4x4_Group6.csv,4,6,0.015957541,195
500,GZ_cellProbabilities4x4_Group7.csv,4,7,-0.485873615,196
500,GZ_cellProbabilities4x4_Group8.csv,4,8,0.489749996,197
500,GZ_cellProbabilities4x4_Group11.csv,4,11,-0.139742277,198
500,GZ_cellProbabilities4x4_Group12.csv,4,12,0.116230895,199
500,GZ_cellProbabilities4x4_Group13.csv,4,13,0.494615635,200
500,GZ_cellProbabilities5x5_Group1.csv,5,1,-5.79E-08,201
500,GZ_cellProbabilities5x5_Group2.csv,5,2,0.064035789,202
500,GZ_cellProbabilities5x5_Group3.csv,5,3,-0.398834736,203
500,GZ_cellProbabilities5x5_Group5.csv,5,5,-0.118535244,204
500,GZ_cellProbabilities5x5_Group6.csv,5,6,0.08848002,205
500,GZ_cellProbabilities5x5_Group7.csv,5,7,-0.405383164,206
500,GZ_cellProbabilities5x5_Group8.csv,5,8,0.425880687,207
500,GZ_cellProbabilities5x5_Group11.csv,5,11,-6.87E-07,208
500,GZ_cellProbabilities5x5_Group12.csv,5,12,0.164747842,209
500,GZ_cellProbabilities5x5_Group13.csv,5,13,0.49763817,210
500,cellProbabilities3x3_Group1.csv,3,1,-0.066332559,211
500,cellProbabilities3x3_Group2.csv,3,2,0.066329397,212
500,cellProbabilities3x3_Group3.csv,3,3,-0.392108273,213
500,cellProbabilities3x3_Group5.csv,3,5,-0.045469407,214
500,cellProbabilities3x3_Group6.csv,3,6,0.078453829,215
500,cellProbabilities3x3_Group7.csv,3,7,-0.456369814,216
500,cellProbabilities3x3_Group8.csv,3,8,0.470688225,217
500,cellProbabilities3x3_Group11.csv,3,11,-0.043438995,218
500,cellProbabilities3x3_Group12.csv,3,12,0.17088289,219
500,cellProbabilities3x3_Group13.csv,3,13,0.478294429,220
500,cellProbabilities4x4_Group1.csv,4,1,-3.43E-08,221
500,cellProbabilities4x4_Group2.csv,4,2,0.024907924,222
500,cellProbabilities4x4_Group3.csv,4,3,-0.343158906,223
500,cellProbabilities4x4_Group5.csv,4,5,-0.07681187,224
500,cellProbabilities4x4_Group6.csv,4,6,0.015957541,225
500,cellProbabilities4x4_Group7.csv,4,7,-0.485873615,226
500,cellProbabilities4x4_Group8.csv,4,8,0.489749996,227
500,cellProbabilities4x4_Group11.csv,4,11,-0.139742277,228
500,cellProbabilities4x4_Group12.csv,4,12,0.116230895,229
500,cellProbabilities4x4_Group13.csv,4,13,0.494615635,230
500,cellProbabilities5x5_Group1.csv,5,1,-5.79E-08,231
500,cellProbabilities5x5_Group2.csv,5,2,0.064035789,232
500,cellProbabilities5x5_Group3.csv,5,3,-0.398834736,233
500,cellProbabilities5x5_Group5.csv,5,5,-0.118535244,234
500,cellProbabilities5x5_Group6.csv,5,6,0.08848002,235
500,cellProbabilities5x5_Group7.csv,5,7,-0.405383164,236
500,cellProbabilities5x5_Group8.csv,5,8,0.425880687,237
500,cellProbabilities5x5_Group11.csv,5,11,-6.87E-07,238
500,cellProbabilities5x5_Group12.csv,5,12,0.164747842,239
500,cellProbabilities5x5_Group13.csv,5,13,0.49763817,240
1000,GZ_cellProbabilities3x3_Group1.csv,3,1,-0.066332559,241
1000,GZ_cellProbabilities3x3_Group2.csv,3,2,0.066329397,242
1000,GZ_cellProbabilities3x3_Group3.csv,3,3,-0.392108273,243
1000,GZ_cellProbabilities3x3_Group5.csv,3,5,-0.045469407,244
1000,GZ_cellProbabilities3x3_Group6.csv,3,6,0.078453829,245
1000,GZ_cellProbabilities3x3_Group7.csv,3,7,-0.456369814,246
1000,GZ_cellProbabilities3x3_Group8.csv,3,8,0.470688225,247
1000,GZ_cellProbabilities3x3_Group11.csv,3,11,-0.043438995,248
1000,GZ_cellProbabilities3x3_Group12.csv,3,12,0.17088289,249
1000,GZ_cellProbabilities3x3_Group13.csv,3,13,0.478294429,250
1000,GZ_cellProbabilities4x4_Group1.csv,4,1,-3.43E-08,251
1000,GZ_cellProbabilities4x4_Group2.csv,4,2,0.024907924,252
1000,GZ_cellProbabilities4x4_Group3.csv,4,3,-0.343158906,253
1000,GZ_cellProbabilities4x4_Group5.csv,4,5,-0.07681187,254
1000,GZ_cellProbabilities4x4_Group6.csv,4,6,0.015957541,255
1000,GZ_cellProbabilities4x4_Group7.csv,4,7,-0.485873615,256
1000,GZ_cellProbabilities4x4_Group8.csv,4,8,0.489749996,257
1000,GZ_cellProbabilities4x4_Group11.csv,4,11,-0.139742277,258
1000,GZ_cellProbabilities4x4_Group12.csv,4,12,0.116230895,259
1000,GZ_cellProbabilities4x4_Group13.csv,4,13,0.494615635,260
1000,GZ_cellProbabilities5x5_Group1.csv,5,1,-5.79E-08,261
1000,GZ_cellProbabilities5x5_Group2.csv,5,2,0.064035789,262
1000,GZ_cellProbabilities5x5_Group3.csv,5,3,-0.398834736,263
1000,GZ_cellProbabilities5x5_Group5.csv,5,5,-0.118535244,264
1000,GZ_cellProbabilities5x5_Group6.csv,5,6,0.08848002,265
1000,GZ_cellProbabilities5x5_Group7.csv,5,7,-0.405383164,266
1000,GZ_cellProbabilities5x5_Group8.csv,5,8,0.425880687,267
1000,GZ_cellProbabilities5x5_Group11.csv,5,11,-6.87E-07,268
1000,GZ_cellProbabilities5x5_Group12.csv,5,12,0.164747842,269
1000,GZ_cellProbabilities5x5_Group13.csv,5,13,0.49763817,270
1000,cellProbabilities3x3_Group1.csv,3,1,-0.066332559,271
1000,cellProbabilities3x3_Group2.csv,3,2,0.066329397,272
1000,cellProbabilities3x3_Group3.csv,3,3,-0.392108273,273
1000,cellProbabilities3x3_Group5.csv,3,5,-0.045469407,274
1000,cellProbabilities3x3_Group6.csv,3,6,0.078453829,275
1000,cellProbabilities3x3_Group7.csv,3,7,-0.456369814,276
1000,cellProbabilities3x3_Group8.csv,3,8,0.470688225,277
1000,cellProbabilities3x3_Group11.csv,3,11,-0.043438995,278
1000,cellProbabilities3x3_Group12.csv,3,12,0.17088289,279
1000,cellProbabilities3x3_Group13.csv,3,13,0.478294429,280
1000,cellProbabilities4x4_Group1.csv,4,1,-3.43E-08,281
1000,cellProbabilities4x4_Group2.csv,4,2,0.024907924,282
1000,cellProbabilities4x4_Group3.csv,4,3,-0.343158906,283
1000,cellProbabilities4x4_Group5.csv,4,5,-0.07681187,284
1000,cellProbabilities4x4_Group6.csv,4,6,0.015957541,285
1000,cellProbabilities4x4_Group7.csv,4,7,-0.485873615,286
1000,cellProbabilities4x4_Group8.csv,4,8,0.489749996,287
1000,cellProbabilities4x4_Group11.csv,4,11,-0.139742277,288
1000,cellProbabilities4x4_Group12.csv,4,12,0.116230895,289
1000,cellProbabilities4x4_Group13.csv,4,13,0.494615635,290
1000,cellProbabilities5x5_Group1.csv,5,1,-5.79E-08,291
1000,cellProbabilities5x5_Group2.csv,5,2,0.064035789,292
1000,cellProbabilities5x5_Group3.csv,5,3,-0.398834736,293
1000,cellProbabilities5x5_Group5.csv,5,5,-0.118535244,294
1000,cellProbabilities5x5_Group6.csv,5,6,0.08848002,295
1000,cellProbabilities5x5_Group7.csv,5,7,-0.405383164,296
1000,cellProbabilities5x5_Group8.csv,5,8,0.425880687,297
1000,cellProbabilities5x5_Group11.csv,5,11,-6.87E-07,298
1000,cellProbabilities5x5_Group12.csv,5,12,0.164747842,299
1000,cellProbabilities5x5_Group13.csv,5,13,0.49763817,300